set_id;one;four;small;fist;me
1;files/1/one.mp4;files/1/four.mp4;files/1/small.mp4;files/1/fist.mp4;files/1/me.mp4
2;files/2/one.mp4;files/2/four.mp4;files/2/small.mp4;files/2/fist.mp4;files/2/me.mp4
3;files/3/one.mp4;files/3/four.mp4;files/3/small.mp4;files/3/fist.mp4;files/3/me.mp4
4;files/4/one.mp4;files/4/four.mp4;files/4/small.mp4;files/4/fist.mp4;files/4/me.mp4
5;files/5/one.mp4;files/5/four.mp4;files/5/small.mp4;files/5/fist.mp4;files/5/me.mp4
6;files/6/one.mp4;files/6/four.mp4;files/6/small.mp4;files/6/fist.mp4;files/6/me.mp4
7;files/7/one.mp4;files/7/four.mp4;files/7/small.mp4;files/7/fist.mp4;files/7/me.mp4
8;files/8/one.mp4;files/8/four.mp4;files/8/small.mp4;files/8/fist.mp4;files/8/me.mp4
9;files/9/one.mp4;files/9/four.mp4;files/9/small.mp4;files/9/fist.mp4;files/9/me.mp4
10;files/10/one.mp4;files/10/four.mp4;files/10/small.mp4;files/10/fist.mp4;files/10/me.mp4
11;files/11/one.mp4;files/11/four.mp4;files/11/small.mp4;files/11/fist.mp4;files/11/me.mp4
12;files/12/one.mp4;files/12/four.mp4;files/12/small.mp4;files/12/fist.mp4;files/12/me.mp4
13;files/13/one.mp4;files/13/four.mp4;files/13/small.mp4;files/13/fist.mp4;files/13/me.mp4
14;files/14/one.mp4;files/14/four.mp4;files/14/small.mp4;files/14/fist.mp4;files/14/me.mp4
15;files/15/one.mp4;files/15/four.mp4;files/15/small.mp4;files/15/fist.mp4;files/15/me.mp4
